Make,Model,Engine Size,Mileage,Fuel Type,Transmission,Price,Car_Age
3,1,3.9,74176,2,1,30246.20793120509,11
2,2,1.7,94799,1,0,22785.747684331356,12
1,1,4.1,98385,1,1,25760.290347165286,20
3,1,2.6,88919,1,0,25638.00349070714,11
3,2,3.4,138482,2,0,21021.386657394465,22
2,2,2.7,81462,1,1,25509.93287629353,11
0,1,1.3,179340,0,1,12268.206025234887,26
0,2,2.0,165320,1,0,27783.73788099169,8
3,0,4.4,31159,1,0,27392.17842052496,22
2,2,4.4,42039,1,0,28434.53362361644,20
0,2,2.1,47800,1,0,29404.954005061834,8
2,1,4.5,40761,0,1,36811.01281668896,5
2,0,4.0,94626,2,0,25205.003959368507,22
3,3,3.1,118368,0,1,27796.075501353043,10
3,3,1.1,174735,0,1,23521.88168354501,5
4,4,4.2,80903,2,1,26493.183231202293,19
0,2,3.0,171484,1,0,16626.379445014078,26
0,2,4.0,118998,2,0,21122.1891416249,25
0,0,3.9,166439,2,1,21853.33258714576,12
1,3,3.9,136885,0,1,34716.98001970374,7
2,4,3.4,59894,2,1,32761.645499094437,9
3,0,2.0,51444,1,1,23469.161589430896,16
0,2,2.2,165341,0,0,20093.070808766803,17
4,3,2.1,61748,1,1,18920.31855483959,23
0,4,1.1,41190,0,0,20152.09690167459,22
2,1,3.0,40318,1,0,21520.12291774841,23
2,3,3.4,168090,2,0,23293.130308719145,14
3,4,4.0,124078,2,0,23633.389547739884,14
1,0,1.5,39759,2,1,29288.89578862573,9
3,1,2.9,16498,1,0,25839.54216182566,25
0,4,1.0,25989,0,1,25546.588800832757,11
4,4,1.3,156640,0,0,14089.788408398124,26
3,2,1.2,117035,0,1,22788.321295955186,8
1,3,3.5,66577,2,1,27694.611928539816,18
3,2,1.3,105231,1,1,15961.213902875084,24
2,1,3.5,161171,0,1,22519.39025009384,20
0,4,1.9,89900,1,1,19181.81635933002,17
0,2,4.1,171711,0,0,16604.498169800227,26
0,3,3.8,104679,2,1,23648.417357426908,17
0,1,4.4,23482,1,0,37032.60751681,6
0,0,4.1,69212,0,1,28849.579398883176,18
0,2,4.3,186333,0,0,25844.62473356537,12
4,1,4.0,30048,0,0,31479.64694321859,12
1,0,3.4,134137,0,0,14502.975868116162,24
0,2,1.6,133108,2,1,17622.004589515123,22
1,1,2.0,35814,0,0,26785.398168634143,18
0,1,1.7,190766,0,1,28722.71774326649,5
3,2,3.1,147996,2,1,20951.40955857868,18
0,1,2.8,129493,0,0,19794.718978131823,20
2,4,4.0,60204,1,0,30130.309562576305,15
4,2,4.3,32844,1,1,29445.48311355711,18
3,1,2.4,81943,0,1,24753.59681452641,21
3,0,2.8,21518,2,1,22407.72268350372,25
2,0,4.4,148131,2,1,23895.75456201794,18
0,4,2.0,23052,2,1,31599.826148544693,10
4,2,3.8,69803,0,1,23726.57862526377,26
3,1,1.8,71524,0,0,30346.215343516054,8
4,1,3.4,89572,1,1,22948.26789714067,21
3,0,1.9,139752,2,1,20338.96900473741,22
0,4,4.1,67021,0,0,21021.26925344609,25
3,0,3.0,20043,0,0,24750.239377055197,18
3,0,1.7,2419,0,0,31337.129832918512,13
1,4,1.8,187964,2,1,14716.4991509295,23
0,2,2.7,121831,2,0,21650.08173175999,23
2,1,4.4,101799,1,0,32908.9919162183,6
2,2,3.7,148212,2,1,25975.3181829386,12
0,3,2.7,174556,0,1,16516.158281751552,19
2,3,2.2,194941,1,1,15099.270863365697,23
0,3,2.9,176282,2,1,26209.114472633504,11
2,4,3.6,57600,2,0,33433.34058814334,6
1,0,3.7,116467,2,1,23440.80639148045,23
2,2,2.1,78497,2,0,28083.89791878724,11
3,1,3.5,108611,0,1,29044.03396667674,5
0,3,3.3,137559,2,0,25936.31066350544,15
4,2,4.4,60692,0,1,31637.942553880304,11
4,3,4.3,62112,0,1,32975.09518341061,8
0,3,3.8,162182,0,1,26186.290378010654,19
1,1,3.5,16360,1,0,28876.60673366304,21
2,4,2.0,180482,0,0,17198.895951445586,17
1,0,4.0,83038,2,0,24977.176126019443,22
4,4,2.5,3017,1,1,32422.38985271645,9
0,2,2.0,86261,2,0,26559.13630867799,17
0,4,2.3,191196,0,1,18619.12116092821,17
1,2,3.9,182021,2,1,25114.947306661936,20
1,2,1.5,189340,1,1,18439.53460515992,9
2,0,2.6,66320,1,0,20819.294492658613,26
3,1,2.7,31127,2,1,24317.93911560689,20
3,0,1.1,134268,2,0,23496.94278916075,6
2,4,1.7,75088,2,1,17699.356990781285,26
3,2,3.9,172372,1,1,23758.786640002247,12
4,3,3.9,180786,0,1,22721.04360997124,23
3,3,2.0,31921,2,0,33749.07065768503,7
2,2,4.1,4746,0,0,32267.989022928246,17
3,0,3.7,68535,1,1,26024.54621022126,18
0,1,2.5,65350,2,0,19866.033914444622,25
1,0,3.6,181417,2,0,25112.76748295554,13
4,2,4.4,180292,1,1,26885.701902472352,11
0,2,2.6,81131,2,1,19853.79809280083,26
0,1,1.8,22063,0,0,23079.23601460086,25
2,4,4.3,117116,1,1,26526.341081820985,20
1,4,3.1,88913,1,1,24946.26993994605,17
1,1,1.4,78946,2,0,26778.048174623844,5
4,4,3.0,177043,1,0,23005.61866634597,7
2,3,2.8,134670,2,1,18367.763348682925,26
4,4,4.0,10564,2,0,36806.29194626599,14
3,4,2.9,49725,1,0,20092.42346009751,26
0,4,1.9,86134,2,1,22692.238162068115,22
4,3,3.4,105940,0,1,26651.88768130642,11
0,4,2.9,191012,0,1,21301.336928173827,12
2,3,1.8,62085,2,1,29325.596960235664,10
3,1,3.0,17862,0,0,31096.38368667561,11
2,0,3.9,10265,2,0,32783.26959298096,14
3,1,1.1,140777,0,1,19619.33951242473,16
3,0,3.2,186351,1,1,22734.554676473184,10
0,1,2.2,62471,2,1,30066.6451118404,10
2,0,2.0,91080,2,1,18822.83562553442,25
2,0,2.4,194051,2,0,17320.429502165516,14
4,2,2.2,55828,2,0,25323.63196173479,13
2,0,3.9,116884,2,1,19722.494305080218,16
4,0,2.0,108007,2,1,22203.63406434929,17
1,2,3.6,46104,1,0,27502.93292669767,24
1,4,1.3,40934,1,0,25459.000344440086,10
1,4,4.3,114420,0,0,30050.07651667699,12
2,2,3.2,6050,2,0,29958.63476812381,18
2,3,3.5,175024,0,1,20245.044948824983,17
4,0,2.0,8484,0,0,29148.868312636343,19
3,0,2.4,62648,1,0,30122.279119550163,6
4,2,1.8,59945,0,0,29623.28675967311,14
1,2,4.3,184750,1,1,23591.142061999555,9
4,3,2.7,31323,0,1,24295.578896817515,22
3,4,3.2,86332,2,0,23282.89595196669,21
2,1,3.6,94605,0,0,29388.52395735864,10
4,4,2.3,166433,1,1,21711.01196857656,16
1,2,3.4,47968,1,0,31811.732307069517,11
2,3,3.5,157591,0,1,22168.93048525096,18
4,4,2.7,9107,0,0,22252.25095286496,25
3,3,2.3,55781,1,1,19030.73705469249,22
2,4,1.8,3869,2,0,24747.071662736176,26
4,0,3.9,80983,2,0,23157.28168816858,23
0,1,3.1,158442,0,1,23986.216706491232,23
1,3,2.6,193767,0,0,26748.073236771117,5
3,3,4.3,191494,1,1,19708.418946895927,24
3,1,1.2,7971,0,1,25789.70779178422,18
3,3,4.0,96805,0,1,33467.70353011093,5
1,3,4.5,25651,1,0,30828.316109272462,15
4,4,4.1,56974,1,0,25348.2945923593,17
2,4,3.8,23446,0,0,24826.32974696832,25
4,1,2.3,169180,2,1,20104.287551612528,16
2,0,1.8,3823,0,0,25613.21539754382,17
3,3,3.6,144526,2,0,26901.532900080103,5
4,0,2.1,135004,2,0,17453.37937007505,21
3,1,1.6,141292,2,0,25706.864933945883,9
0,1,3.8,67965,1,1,25198.14156878829,25
3,4,2.1,159280,1,0,16078.81959180701,25
3,3,4.2,10510,1,1,32548.69585260059,17
2,2,3.9,175117,0,1,23280.283064811338,11
0,1,4.0,141609,1,1,23828.70041649039,15
3,3,3.7,105935,1,1,21725.28014875638,26
3,0,4.1,69134,0,0,31734.282338134355,6
0,4,3.8,72254,0,0,26704.09649617642,19
0,0,3.1,144854,2,0,22932.250811894453,11
4,1,2.0,114780,0,1,22461.774141132773,9
2,1,4.1,125544,0,0,28394.957512089757,14
0,0,3.9,65587,1,1,32574.74170435552,12
0,1,2.7,82238,2,0,29026.458012185118,6
1,3,1.1,75720,2,0,19873.07483505823,15
0,1,3.2,78004,0,0,20583.0556219742,19
2,4,1.2,22072,1,1,28480.40029906886,17
3,3,4.2,81015,1,0,30072.03170700992,13
3,2,4.4,72746,1,1,24946.713405663508,22
3,1,1.7,176774,1,1,21333.476872345043,9
3,1,3.4,102260,0,1,25860.335499702134,8
1,4,1.3,137129,1,0,22983.346947532464,12
0,4,3.6,128259,2,0,26287.265383770668,21
3,0,2.2,30916,2,1,25288.685982241248,16
4,0,3.4,27268,0,1,39203.51407329373,6
3,0,2.3,175050,1,1,19614.6902010778,16
0,4,1.5,23259,1,1,33670.556257087344,7
3,0,2.4,184655,1,1,24681.69208859138,7
1,0,1.4,79400,1,0,28442.26237800999,6
2,2,3.0,34293,0,0,35473.20148503057,9
2,0,1.1,111581,1,0,25686.357877203704,9
0,1,2.8,7043,0,1,29497.54615666564,17
2,4,4.1,181502,1,1,14742.226323856292,25
2,3,3.9,107009,1,0,22435.13286828753,18
4,2,4.1,38893,2,0,32672.45994803784,13
0,4,4.2,171714,0,1,30749.866610742483,8
0,4,1.4,161940,2,1,18459.902134492582,17
2,1,1.5,26309,0,1,21001.94072224211,23
2,0,2.9,23284,1,0,22457.45922165679,21
2,1,4.1,126801,1,1,25792.77988503244,13
1,0,4.4,113259,0,1,23899.012258394072,23
3,0,1.2,100804,2,1,21646.88669550848,12
1,4,2.2,69000,0,0,25521.107459205068,11
0,0,1.7,84179,0,1,21088.81547304672,20
4,2,3.6,193179,1,0,27437.87334024478,10
3,2,3.2,65049,2,1,32516.988775776837,8
4,2,1.4,29265,0,1,29908.493570740236,8
0,4,2.7,23880,2,0,31582.972761520843,10
0,1,3.4,84579,2,1,25173.40340471428,21
4,3,3.7,131327,0,0,24613.38684843462,16
4,0,1.1,132574,2,1,21249.13676464303,11
4,3,4.1,65424,1,0,28905.18791851654,19
0,1,3.0,70966,1,1,26000.90943567536,16
2,1,3.8,172438,1,0,18600.90519506473,20
4,4,3.8,158497,1,0,32061.750020259577,5
3,2,1.7,183400,2,1,18490.145409903835,8
0,2,1.4,67396,1,0,25966.84564913463,17
1,1,3.5,71694,0,1,27428.21049301553,18
1,4,1.5,136878,1,0,14717.798534521346,23
3,4,4.0,17106,0,1,33193.20910777398,12
2,0,3.5,56731,0,1,28305.723198605465,14
4,2,3.9,75010,1,1,25164.951456710096,25
0,1,2.0,32599,1,1,23445.91250499211,25
4,3,2.1,71326,2,0,28056.427042160187,11
0,2,3.3,75706,0,1,27307.46616196713,18
1,0,1.1,9004,1,1,26520.13514982756,14
4,4,3.5,115018,2,1,24772.45019038796,24
3,1,3.9,182436,1,1,24125.41376691525,18
2,2,2.5,25792,1,1,27756.38856335729,14
3,3,3.7,195984,1,0,28222.52343206645,6
2,0,1.6,54645,0,1,31414.914571820114,5
4,0,2.1,7232,1,0,22818.87668942465,25
4,2,4.4,54766,2,0,27885.18671150585,19
2,3,4.5,120601,1,1,28398.966023555608,18
1,0,2.8,81588,1,1,27991.21249394888,11
0,1,4.3,179614,2,0,19639.643780672908,25
3,0,2.8,5913,2,0,29606.55813092816,21
3,3,2.0,112406,0,0,32946.378001395686,5
3,4,1.9,113693,0,1,19562.10010603887,19
4,4,4.3,93449,0,0,24485.749498157784,22
3,2,1.6,10567,0,0,25819.65802388573,18
0,3,3.0,38379,2,1,23274.52286547603,26
0,0,2.9,319,1,0,29536.759777223782,18
2,0,3.6,90005,1,1,25219.392983726,17
4,4,2.7,110990,1,0,17818.117960774347,23
0,4,2.0,4791,0,1,27268.100489699496,24
1,1,1.6,131401,2,0,21354.115001607566,17
4,4,3.2,61032,2,1,28511.328533321022,12
4,1,3.5,175150,2,1,23116.726015841465,16
0,0,3.0,88662,1,0,30732.80105190751,13
1,1,3.6,21300,0,1,26058.956762448688,21
2,1,1.5,75700,2,0,24137.28042615392,15
0,2,4.1,182017,0,1,21319.42051819694,14
1,4,3.0,55609,2,1,29982.86675225236,10
4,1,1.4,191634,0,1,20951.490772229117,11
1,0,2.6,90045,2,1,18468.303488089983,24
4,3,4.0,61901,0,1,24030.54726178305,25
0,1,4.1,5703,2,1,33514.704599059834,16
0,4,1.9,63115,2,1,24822.650264465177,18
3,2,3.5,27676,0,0,23300.93663814228,24
3,0,1.3,192782,0,0,21208.44974980448,9
3,2,1.1,191149,1,1,22259.987674374755,7
0,3,3.0,121332,0,1,26149.371033372063,12
2,1,3.4,176512,2,1,25653.078618633383,13
0,1,3.8,167995,2,0,17521.355362720617,25
1,4,2.2,29802,0,1,30734.868925583025,10
0,1,1.0,90331,1,0,24653.04942589353,5
0,0,2.7,193976,0,1,14999.948313633242,19
4,3,1.1,191234,2,1,17700.457962430544,17
4,2,1.3,124786,2,1,23901.824940859657,9
4,3,2.1,65169,1,1,28014.714857767805,8
0,1,2.5,68147,0,1,21962.337971809284,19
2,2,2.0,22075,2,0,27050.454763526683,19
1,4,3.0,82015,2,1,18883.221254734344,24
1,3,1.2,9304,2,0,23920.55493637738,24
2,2,1.5,129851,0,0,21909.44474086523,15
2,2,3.4,120729,0,1,27347.9672239703,5
1,2,1.5,59622,1,1,27270.82282975728,10
3,0,3.2,54215,2,1,29496.699750732703,23
4,3,1.2,73973,2,0,28080.18656892695,10
4,2,2.4,108654,1,0,23211.24564162468,13
1,3,1.6,143593,2,0,25453.761364477417,8
2,2,1.4,24028,1,1,21766.77374092624,18
3,4,3.0,39328,1,0,30290.971647787752,6
1,4,4.2,27301,2,0,31400.338660064568,15
4,4,1.2,38015,0,0,22602.55453715815,22
0,1,2.5,36845,0,1,28780.41063784284,16
2,2,3.5,86818,0,0,32809.467449106734,7
0,1,2.6,76394,0,0,22369.8002250704,24
1,3,3.8,175231,2,1,24610.4677458078,6
4,1,1.6,43714,1,1,26892.43672970543,12
3,3,4.4,80722,1,1,32201.26378326245,13
0,3,2.3,25230,2,0,28225.08185321485,16
3,3,2.2,92554,0,0,28636.512064114653,7
4,1,4.1,49262,1,0,28895.35173382063,19
0,2,3.0,41722,2,1,25038.93975955444,23
3,1,2.8,177431,2,0,17298.65543404631,15
3,2,3.5,62796,0,1,28669.982285270788,19
0,2,3.0,171231,2,1,18717.384185026425,21
4,3,1.6,87052,1,0,26262.57291497112,12
3,1,3.4,100808,1,0,21648.308989591565,15
1,2,1.5,136311,2,0,26006.433808281246,11
0,4,3.8,91951,1,1,27189.626712454243,11
2,4,2.3,103424,1,0,32167.2807744579,7
4,1,2.6,158267,0,1,23136.817961155077,7
1,1,1.2,104697,1,0,19299.223372518383,23
3,1,1.0,96299,0,0,19150.62628419968,16
2,2,4.2,165746,0,0,23833.88792825096,14
4,0,1.5,149177,2,1,17307.484798045665,18
1,2,2.6,160811,0,1,18555.311346758783,23
1,2,3.9,163041,1,0,24797.223580858805,15
4,3,4.1,14497,1,0,28071.968356653106,18
4,3,2.8,132888,0,1,24835.50280680622,14
3,2,3.0,118915,2,0,26146.03174701312,11
4,4,3.3,92019,0,1,19857.94423667752,21
3,3,4.4,190326,1,0,21915.635472461978,17
3,2,3.1,109017,1,1,29070.003706986696,14
0,0,3.0,69385,0,0,23730.18745759413,20
1,4,1.1,105153,0,1,21271.276377948187,8
1,1,1.3,33826,0,0,30537.63346549701,8
1,2,3.0,110034,1,1,25643.27963058028,10
0,2,4.3,194437,1,1,24307.00786082489,14
3,4,4.0,84242,1,1,28443.927009183644,14
3,3,4.4,123066,2,1,35170.04046427376,6
4,3,2.8,50100,1,0,22252.433351071624,25
0,3,3.8,125170,1,1,22552.321449320447,17
4,1,3.9,135431,2,1,29590.754791876352,5
0,4,3.3,96205,2,0,24332.19770190073,14
4,4,2.2,12809,2,1,26341.020576671184,18
2,3,2.6,64450,2,0,24517.081465674222,26
1,3,4.0,38428,2,1,34075.536078845515,13
1,0,2.0,72790,2,1,30942.88100638817,11
3,0,4.2,111126,0,1,32302.20019179345,7
2,2,1.8,90321,0,1,25370.1504152862,12
1,2,3.6,2093,0,1,24098.76388335786,26
3,4,3.2,44498,0,1,31714.43557797456,10
2,4,3.6,116251,1,0,26126.727438041304,14
1,1,2.5,40985,2,0,30508.00472928432,12
4,1,4.3,32009,1,1,31255.0400424142,11
0,0,3.2,128515,2,1,26579.61490862016,11
2,2,2.0,17718,2,0,19467.105751971136,25
3,0,3.2,16705,1,0,33239.97518511037,10
2,0,2.0,87618,0,1,24970.603763018407,16
3,2,2.0,62598,1,1,20127.079816822334,19
2,1,2.4,77878,1,1,26726.59549262799,7
3,2,4.0,12239,2,1,24796.089958704462,24
1,3,2.8,46622,2,1,27413.65008271336,15
4,3,3.4,46665,2,1,30171.780774339117,7
1,3,2.4,32274,0,0,32443.280444305463,11
4,4,1.9,142491,1,1,23047.755963016072,13
1,1,4.3,108368,1,1,30879.67915946868,11
1,1,3.1,146075,0,0,24718.15422877333,6
2,4,4.3,161938,1,0,30089.456171056445,10
0,0,1.7,153060,1,0,21046.218880197124,16
3,3,1.5,186966,2,0,19287.00872024147,10
3,3,4.0,108563,0,1,27488.3141505904,8
3,0,3.4,136746,2,0,29310.445553862184,5
4,2,1.7,93103,0,0,16811.987175277452,26
3,2,1.9,66446,2,1,24127.84632888608,15
3,1,3.8,29072,1,0,30735.536007843533,12
2,4,2.6,33717,0,0,32457.02181468817,9
1,1,3.3,157723,0,1,19012.699960941336,13
3,2,2.1,117202,2,1,20199.75558066418,26
0,0,2.3,175363,0,1,22828.08297743224,14
3,1,4.5,122389,1,1,29301.92037659096,12
4,3,1.9,109525,1,1,20035.57885909501,20
4,3,2.8,194422,1,1,24045.001311107168,12
4,0,4.0,4646,2,1,36183.181687812605,7
3,2,1.8,39713,0,0,24557.49103095305,17
2,3,2.5,67936,2,0,29380.6361357122,13
0,3,3.2,175403,1,1,23316.64145009985,21
3,4,2.7,22185,0,0,27848.736353178723,13
2,1,2.6,84263,1,1,31336.44862695357,5
2,2,2.3,52107,0,0,24321.86624424491,15
3,1,3.1,197626,0,1,21321.97936452172,16
3,2,3.2,17563,2,0,32465.487043249,7
2,3,3.3,70729,0,1,34986.64651382352,5
2,4,1.2,15701,1,0,29414.711196077504,8
2,1,3.2,179289,0,1,17028.507338409574,25
3,3,4.3,175682,1,0,32578.13019491117,5
2,2,2.9,181203,2,0,23773.84416177527,7
4,1,3.5,128331,1,1,20953.134388211183,26
3,1,2.9,160482,0,0,19008.993116232603,19
4,3,4.0,99280,1,0,30928.59508768628,13
1,1,4.3,189787,1,0,25684.160897660648,18
3,4,1.6,38665,0,0,20240.93560425007,25
1,4,2.5,15957,1,0,20813.969200477502,22
2,3,2.4,179199,0,1,16963.77587569682,19
2,2,2.4,194661,2,1,26432.22264804351,11
0,3,1.4,46008,1,0,28815.3716136206,5
2,4,3.8,61920,2,1,34546.04230079612,11
1,0,1.1,163947,1,0,17790.078019741508,14
2,0,2.8,113828,1,1,27146.601288212063,7
3,1,3.3,123852,2,0,27965.77515400161,12
2,1,1.7,132698,1,0,17083.781990138225,26
0,0,4.2,90815,1,0,35063.59836264381,5
2,4,3.9,194894,2,0,18065.121117127102,24
1,1,2.6,164714,1,1,20533.02019602912,21
1,3,2.4,38311,0,1,34307.45018860794,5
2,3,1.8,32356,1,1,29780.256125996588,13
1,4,3.6,3809,1,0,26262.431889401723,23
1,1,1.5,174443,1,1,23845.10840555782,9
0,3,3.4,34875,2,1,30013.57771506569,12
3,1,3.9,9465,0,0,30012.547540020983,18
0,1,1.8,197167,0,0,20886.395924753404,9
4,3,4.0,73844,1,0,22311.592178104456,24
0,0,1.1,196322,2,1,12412.864779280546,17
2,3,4.2,86889,2,1,33502.99808500944,10
3,4,1.4,15250,0,0,22633.00091527371,20
2,2,3.3,46023,2,1,29759.370550849813,12
4,3,1.9,101350,1,0,16271.066439802702,26
3,1,3.9,177696,1,1,22401.890926595406,16
1,1,2.8,16427,2,0,30766.84411921527,10
0,3,1.5,164348,1,1,18340.76773888485,22
2,2,3.0,71643,0,1,23236.84170280647,20
4,3,2.4,134511,1,1,29503.558295522016,8
1,2,3.3,78672,2,0,30944.942798394204,12
0,2,4.1,17300,0,0,26386.106017011043,24
1,4,2.4,60289,1,0,28425.17326959236,12
0,1,2.0,148254,0,1,18625.992659194268,22
3,1,1.1,181984,2,0,19284.01440751678,15
1,2,3.0,157981,1,1,28481.88401544286,7
1,1,2.4,19659,1,0,25190.31531302548,22
1,0,2.3,162475,0,0,14567.40380071618,24
3,2,1.6,164658,1,1,19248.87664902724,18
4,1,2.5,10360,1,1,27008.987249084952,18
0,0,4.4,21424,1,0,24150.39001597226,20
1,4,2.0,98035,1,0,19378.806954119093,25
3,1,3.1,48791,2,1,31292.22989752252,6
4,0,3.7,134137,1,1,26276.373846292627,11
0,3,3.6,199867,0,0,20218.692271633387,18
3,3,2.2,12300,2,1,25677.70591326012,14
0,0,3.1,33370,0,0,32809.582954226775,8
1,2,4.0,27209,0,0,34506.13511145146,7
4,2,1.1,20927,0,0,26399.21002822621,10
3,1,2.5,34579,2,1,24863.533650036403,21
4,3,1.8,9032,2,0,20268.0075647344,23
1,2,2.4,93254,2,0,19288.553556780807,26
4,2,2.5,78413,1,1,29520.54782700672,9
4,3,3.6,171803,0,1,27220.34731923514,8
2,4,1.3,113528,2,1,21501.368415097284,18
4,2,2.8,184839,0,0,23688.754765104237,14
0,0,3.0,123916,2,1,22141.504545928503,19
3,1,2.7,72302,2,1,28975.798969017906,14
2,2,3.6,181026,2,0,23978.52966869796,12
3,2,2.3,85757,0,0,22913.228252901445,16
3,4,4.3,156174,1,0,24505.79876320584,15
1,0,2.7,165505,2,0,23158.70517974332,13
1,1,3.0,15932,2,1,27873.75569634464,23
2,2,3.9,25714,2,0,25517.225709627583,26
1,1,2.0,57803,1,1,20262.536256793614,23
1,3,1.3,170815,0,0,24947.77009364076,8
1,2,3.5,133624,0,0,20449.16697730669,18
3,2,2.7,56627,0,1,24734.23923104735,17
2,3,4.1,177059,0,1,21632.618756453976,23
3,4,4.4,79810,2,1,36842.41449307512,7
0,2,2.4,45380,1,0,26492.36252844079,18
3,1,2.5,160322,2,0,22483.67511632766,14
0,0,2.4,199416,1,1,18747.46965961865,15
4,1,2.1,64686,0,1,26061.84231609852,16
4,4,3.7,120321,1,0,26142.685342021625,15
0,0,3.7,45028,2,1,31139.53729197091,9
0,1,2.7,146367,2,1,21963.66246325903,15
3,1,1.2,113141,0,0,21508.05800663881,11
0,3,2.1,55248,2,1,22464.831228761654,22
2,4,2.0,10523,2,0,32297.5289460852,7
4,3,3.8,45530,1,0,33092.26639729553,15
4,0,1.3,13769,2,0,29716.75574861876,6
0,3,3.8,194114,0,1,21532.746490393023,16
1,4,3.3,112035,0,1,26516.61264302641,18
1,2,3.6,175717,2,1,29524.328700915783,9
0,2,2.5,193214,0,1,16288.721954797327,24
2,0,3.4,156629,1,0,26961.423657103594,7
1,2,3.1,79782,1,0,28264.86466545809,10
0,3,3.7,78382,2,1,25294.76637027943,13
2,0,2.6,168157,2,1,13936.613401808594,26
2,4,2.7,181780,1,1,23514.124847007217,10
3,0,3.3,182429,0,1,19616.57826797136,19
2,0,1.4,110939,2,0,19499.865947990053,22
1,1,2.5,144542,2,1,18382.494426341666,22
1,1,4.4,78712,0,0,26412.285406725583,18
0,0,1.1,118643,2,1,16950.538518690646,24
0,2,2.1,107417,0,1,31839.68049094693,8
2,1,2.1,137877,0,1,19671.451665206947,18
4,4,3.2,128256,0,0,29764.97504269076,5
3,3,1.4,193100,0,1,22338.85116242536,9
4,1,3.2,181844,0,0,22664.56321686147,11
2,0,1.3,183176,1,0,14986.715073270769,26
2,2,1.3,101422,0,1,13870.819777764144,25
4,3,3.5,89300,1,0,27219.545965462763,13
3,1,2.1,6630,0,0,28746.05820498289,13
4,2,4.4,124474,2,0,21878.61549050721,26
0,2,1.1,98869,1,1,19813.58740002017,11
1,2,2.6,15701,2,0,33120.4297893222,12
0,0,1.4,145931,0,0,22331.88516990167,12
1,4,2.2,152255,0,1,23532.912890998254,15
2,2,4.5,171510,2,1,30150.571474927743,11
3,3,4.1,97285,0,0,27354.622443325887,13
4,1,1.2,117556,2,0,17533.491998554404,12
3,3,3.0,173316,0,0,25626.932150593664,12
4,0,3.3,15021,0,0,33276.18465965322,8
0,0,1.7,186637,1,1,14301.81300825588,19
0,3,1.5,179115,2,1,14696.84930608102,25
4,4,4.2,64361,0,0,29609.06386426452,25
3,0,4.4,132317,2,1,25466.33700972334,17
4,0,4.5,172083,1,0,22298.082614604635,24
2,3,3.8,10355,2,1,32107.244413061064,10
0,0,3.3,98841,1,1,20784.434469100896,19
2,4,2.2,179764,2,0,17739.680938645983,23
0,4,1.6,180076,2,0,20788.346343616537,13
0,4,1.3,160786,1,0,22629.29433068185,6
1,1,3.4,17198,0,0,32852.53861605079,17
2,4,3.7,66951,0,1,19523.472060686192,26
2,4,3.9,132724,0,1,19203.73984815596,23
1,1,4.2,174697,2,0,17579.414810494927,26
3,2,4.1,18740,2,1,33550.20598535879,10
2,0,4.5,3810,0,1,38740.20941505724,10
4,4,1.9,123743,2,0,19711.245875621524,20
1,0,3.7,147641,2,0,28132.042020800465,7
2,3,3.1,99855,0,1,24667.236464418227,12
3,0,1.9,26783,1,0,29634.11708368306,14
2,1,4.4,121701,2,0,19941.668233065524,25
0,0,4.1,78047,2,1,29748.42741727965,8
4,0,1.4,9471,2,1,26525.93371810565,14
1,0,1.1,110771,2,0,20987.838049310336,16
0,2,3.4,6163,1,1,34551.564799679385,5
3,2,3.1,194159,0,0,23906.08500591521,12
0,3,4.3,62071,2,0,28430.497446038506,17
0,1,1.8,16065,0,1,27902.28787922317,18
3,0,1.3,122323,2,1,20494.071224166142,18
0,0,1.9,117969,1,0,29984.50868072827,7
1,0,1.1,83456,0,0,16142.742148245025,26
2,0,1.1,179420,1,0,21916.94204881119,10
0,2,4.2,19154,2,1,28368.67755637264,15
1,3,2.2,105703,1,0,28398.167386151785,17
2,4,2.4,20229,1,1,26376.443066942516,22
2,1,1.1,52587,2,0,26478.03555555456,9
0,0,1.9,49713,2,1,26796.099578734294,12
1,3,3.8,158069,0,0,20702.503852725466,21
0,4,3.2,21101,2,1,31025.02324620335,20
3,3,3.6,40391,0,0,33977.54900068243,10
2,2,2.6,72723,1,0,22177.2133952293,21
0,4,2.1,190477,1,0,14698.519963751436,19
2,3,2.7,166020,0,0,23991.209271015832,15
1,2,2.1,100264,2,1,29863.897852627248,6
4,3,3.9,184103,2,1,25507.5913945012,13
0,3,2.0,37921,1,1,26436.4611292362,15
0,4,3.3,28460,0,1,28077.76510217848,17
2,2,1.5,152143,1,1,28263.29702295948,5
1,0,3.4,197190,1,0,28997.038478608956,7
3,1,4.2,179354,2,1,26712.54975128324,12
1,4,3.1,91725,0,1,25553.431729679814,20
0,2,3.0,58445,1,1,26549.946328341422,18
3,3,4.4,82208,2,1,25449.62845506619,17
1,2,3.2,185888,1,0,18646.114487980707,17
4,1,1.9,106283,1,0,27278.21380609888,11
2,1,2.0,85779,2,0,24258.46069562238,20
1,0,3.5,3060,2,0,29955.25401661924,22
1,0,3.6,125806,0,1,21601.804620174065,24
4,1,2.1,13731,1,1,33196.04791259053,9
0,4,2.2,77830,0,0,24392.22541100154,16
2,4,4.5,115871,2,0,30449.230673076603,12
1,3,1.4,20719,2,1,30354.68526375977,6
3,0,2.4,178114,1,1,22280.728733700234,7
1,3,1.2,49116,0,0,22673.343944994536,22
2,0,3.9,26325,0,0,33533.998809322286,15
1,1,1.3,153669,1,0,20364.467560833436,23
4,4,3.4,198511,1,0,23402.50800279199,12
1,4,1.2,14551,0,1,22576.83036324354,18
1,1,3.4,93287,2,1,23478.768525342373,20
3,3,4.0,24278,2,1,30014.31722894964,17
4,3,2.4,15141,1,0,29339.945613255823,14
4,2,2.8,67913,0,1,25646.102513476864,19
1,0,2.4,33615,0,1,28345.188584793337,15
3,3,2.1,122058,0,0,29151.26451693051,5
1,1,3.8,193823,2,0,26303.696095385163,8
1,3,2.0,112684,2,0,12915.208194446448,26
2,4,3.5,27452,0,0,32581.667657386897,11
2,0,1.7,153797,0,0,25383.611522614377,5
3,2,1.9,50391,1,0,29380.983727641866,10
0,0,2.2,120288,1,1,25162.63558884495,9
2,4,3.1,113535,0,1,24970.301448952778,16
0,4,2.6,142770,0,1,26673.984375057767,9
4,4,3.6,86711,2,1,24544.365596538628,20
2,4,1.7,77850,0,1,28359.241204460563,9
2,1,1.0,109733,1,1,19153.59986492969,19
3,2,3.7,2365,2,0,29095.0676646302,21
0,4,3.9,97662,1,0,19071.482401886,20
2,4,1.2,43372,1,0,27443.625430348955,5
2,3,3.1,44134,2,1,25210.9683686807,17
3,2,2.3,37823,1,1,27141.514435799338,16
3,0,3.8,71158,0,0,31585.430466593,14
0,2,4.1,96076,1,0,26159.369790567744,18
4,2,4.0,133021,2,0,25045.546358609736,20
4,2,3.7,49396,2,0,29226.70531265174,18
1,4,1.9,108336,2,0,23662.98684694064,14
2,4,3.8,31912,1,1,27152.35340166336,24
0,1,2.9,56947,0,1,23444.53743766368,24
2,0,1.2,44387,2,1,18896.089006414448,26
0,3,2.6,195037,0,0,25230.31069933307,6
0,2,4.3,16508,2,1,39167.862819603455,7
0,0,4.1,45592,0,0,26365.897946951394,25
2,0,1.4,109249,0,1,17773.492240077318,24
3,1,3.6,1919,0,0,31349.14883766104,12
2,3,3.8,42595,2,0,29802.00029852922,21
0,2,1.9,140689,1,1,18951.45293800211,14
1,3,2.7,33298,1,1,29322.973838803795,6
4,1,3.5,138001,1,1,19842.87137663502,26
0,4,2.5,14456,0,1,31015.679617770555,7
1,0,1.4,109599,2,1,27498.248005694888,8
3,2,3.5,86676,0,0,18298.788749268035,26
0,4,4.2,83721,2,1,35137.56294502124,6
1,1,3.3,37924,0,1,35845.763869475806,5
0,3,3.7,24240,2,0,25924.031928215813,25
2,0,2.3,87381,2,1,22031.806714839386,12
1,2,1.6,9228,2,0,24791.99375936146,13
2,4,3.2,21686,0,1,33795.57055544985,8
2,4,2.1,11920,1,1,27138.415999229102,16
1,0,4.0,7432,0,0,35083.06056980601,12
4,3,1.4,194647,0,1,14431.217416537524,21
1,1,2.5,110507,2,1,27664.28873549533,7
4,3,2.4,130509,2,1,16421.914853082533,18
0,3,4.3,71725,1,1,27658.61462354524,22
0,3,1.5,164982,1,0,21952.607630482187,7
1,0,1.0,121764,2,0,14615.388152561552,25
0,0,1.8,161298,1,1,14895.541913781695,21
3,1,3.9,59099,1,1,29264.227872099305,9
2,3,1.7,112557,2,0,28716.42565633024,8
2,0,1.8,86760,0,0,23852.975389909778,18
4,1,1.5,18013,1,1,32723.341150708264,6
0,1,3.5,21446,2,0,26994.678763801265,21
4,3,1.2,105209,1,0,19163.70510806841,13
2,2,2.2,193581,1,0,23925.03951167561,14
2,3,2.0,102261,2,0,23731.53326252679,16
0,2,2.9,95739,1,1,25786.62840015399,15
3,1,3.6,557,1,0,34453.88395540584,8
3,0,2.9,161738,1,1,21623.98749412477,8
0,4,4.3,168461,0,1,31460.067464553445,6
0,1,4.3,178772,0,0,25545.99298619549,8
4,0,2.3,130878,1,1,24149.23832572451,14
0,1,3.7,99143,2,1,29484.517922247127,13
3,3,3.6,24578,1,0,34139.415243746305,9
0,2,4.1,74779,1,0,29900.99708066377,15
4,1,2.6,140668,0,0,21358.839503796597,23
4,0,2.9,57500,0,1,24840.169176334057,17
4,3,2.5,72534,0,1,28702.305180087013,10
4,4,4.0,10129,1,1,27543.33919064033,23
1,3,1.8,194466,1,1,14697.569904355794,15
0,2,1.8,197118,2,0,19316.766659734018,14
2,3,2.3,11596,1,1,27022.70119304937,23
0,4,1.8,65355,1,0,26584.91831735439,17
1,0,3.0,12974,0,0,29066.254418591463,24
4,1,1.5,197745,0,0,15565.311750821516,12
1,2,2.1,112004,0,0,21357.055395762483,25
3,4,4.2,126794,0,1,29429.97952872076,10
3,2,2.4,70202,0,0,25991.02501473992,21
0,3,3.6,74442,2,1,25188.33518160915,19
0,2,1.4,152890,2,0,14093.89904241023,24
2,4,1.9,174318,2,0,20153.554847546213,9
2,1,3.8,55598,0,0,35872.05513281232,5
3,1,3.7,133726,0,1,20742.6521410635,26
4,2,2.4,33758,0,0,27378.08087553935,11
1,0,4.3,24204,2,0,25061.526465974,20
2,2,4.2,127309,0,0,22865.04046864679,24
2,3,4.4,166000,2,0,22058.340733889465,23
4,1,2.5,184681,0,1,16792.04697654847,18
4,1,1.7,30552,1,1,20496.74317325808,22
0,1,3.2,141408,2,0,28641.33635829249,8
1,0,3.4,47037,1,0,34160.93739664977,12
4,0,1.4,147278,2,1,16946.119602183866,19
2,4,3.8,34831,0,1,25599.17213455413,21
2,2,1.1,43563,0,1,28119.56692750116,9
3,2,2.7,18361,1,0,33752.45612969614,8
4,3,2.2,41335,0,1,27604.669808215174,12
0,1,3.6,74469,2,0,29526.732166983908,20
1,0,2.1,25816,0,1,28212.57024428336,17
0,3,3.9,146691,0,1,21202.90858793667,21
2,3,3.1,92479,2,0,23891.08405544359,13
0,0,3.8,26819,1,1,35897.89357562975,10
2,2,4.5,142813,1,0,27243.212472430143,18
2,1,3.4,122330,0,1,28077.994260076463,8
2,2,4.4,8798,2,0,30061.25091522509,22
2,3,1.1,156215,1,1,16088.310205034984,20
2,1,2.2,49695,1,1,30956.447762217937,8
3,4,1.4,163819,0,0,21059.150937736635,7
0,3,1.9,129544,2,0,16987.761759846308,20
3,2,3.9,152254,1,0,21309.027465521045,25
3,2,1.1,9415,0,0,30104.4796870192,11
4,2,2.8,142157,0,1,22510.56594875679,14
4,0,3.0,146080,0,1,19697.757848077952,19
4,3,3.0,87638,0,1,25413.232904289394,21
1,1,2.7,18452,1,1,24546.87496136964,21
4,2,3.8,195147,2,1,20953.472511971533,18
0,2,1.5,139192,0,1,16397.570043254695,23
3,0,2.1,195457,0,0,15493.338109296164,16
0,1,3.2,110205,1,1,22273.978534157337,22
4,3,3.4,18170,0,1,33080.31390680832,10
1,4,2.4,16259,0,0,33207.43255620322,7
1,0,4.1,22099,2,1,29411.51173930657,20
3,3,2.5,140721,0,1,28235.324818826743,12
0,4,2.4,129394,1,1,26653.65646264646,12
2,2,1.1,59258,2,0,24814.7180009096,13
0,2,2.9,172109,1,0,22455.02816769908,14
4,1,3.5,11805,2,1,33936.98841550158,16
2,4,1.4,43147,2,0,27368.825572010493,14
1,2,2.1,74280,0,1,27527.994279011105,5
3,2,3.7,177125,0,1,23441.646445614195,18
3,1,2.3,106777,0,1,25246.752164119887,17
1,3,1.8,97841,1,0,22443.38415155157,23
4,2,3.4,124726,0,1,26760.716636785022,10
1,0,1.7,128359,0,1,21533.149009062065,13
4,0,4.1,76215,2,1,30005.61995710534,9
2,3,1.4,112909,0,1,21770.804928672267,16
1,4,3.5,95365,0,1,30197.4851649114,11
4,1,2.7,10985,0,0,22824.09162664499,26
2,0,4.0,12391,0,1,29096.81940466168,20
1,0,1.4,4861,2,0,21949.514408761872,17
3,3,3.4,194654,0,1,23086.1981008053,18
1,4,3.0,183000,2,0,13720.047256999806,24
0,4,2.7,34364,1,1,33931.35950438561,5
1,3,2.7,82399,0,1,27256.55966674469,13
0,0,3.5,42923,0,0,30945.465937063196,12
2,1,4.3,138991,0,0,21288.04375667938,25
1,0,1.3,186968,2,1,16728.03764855433,13
2,4,1.1,85818,0,0,23752.96959161101,11
2,0,3.8,178468,0,0,22614.501304504334,20
4,1,1.4,165912,1,1,17534.71100087327,23
2,2,4.5,173327,2,1,26991.84812285012,9
2,0,3.2,71160,2,1,20721.16093904617,22
1,3,3.3,128165,1,1,20134.402297405908,21
1,2,1.7,139248,2,1,22142.99418970576,20
3,3,1.8,33529,0,0,26485.26102002555,12
4,3,3.3,187478,0,1,16031.69265948044,26
2,3,4.2,144013,1,0,24531.174724039647,23
4,0,4.4,1669,2,1,26662.757989325783,26
0,4,1.7,117373,2,1,21200.279220704644,16
2,2,1.5,44859,2,0,29846.04658151262,9
4,1,1.2,55786,1,1,28534.31373505901,13
3,4,4.0,182155,0,0,27101.146270610043,5
3,0,2.0,171148,1,0,22226.790488242365,16
2,3,1.0,20323,0,0,23920.792580271354,17
0,1,1.8,6021,1,1,28527.09258907013,10
3,2,2.2,39807,0,1,23408.76286061512,23
3,4,4.5,128305,2,1,26269.613884462808,12
0,4,2.8,50355,2,1,30526.27286292576,11
4,1,1.7,113415,2,1,33028.54602226908,6
3,0,2.2,175804,1,1,22821.001630507388,14
1,2,2.2,8711,1,0,26754.65072441976,18
3,1,1.1,194151,1,1,18596.853815348863,16
4,3,1.5,7904,2,1,24741.756542765477,16
4,2,3.4,64033,0,1,23571.00072799566,21
2,4,1.4,86478,2,1,17321.77044957747,26
1,1,1.8,120035,2,0,27273.812399699676,5
4,4,2.2,186168,0,0,14004.994361580464,21
0,4,3.7,3093,0,0,31632.395015779137,14
1,4,3.0,24918,0,0,33964.92256602789,5
1,0,3.4,193708,0,0,29698.544695677265,5
0,4,3.0,189878,2,1,14919.408967330335,22
3,3,3.4,140466,1,0,23004.602918828856,12
0,3,1.0,124501,2,0,23626.367885209133,9
0,2,4.3,92510,0,1,34776.253205454785,7
3,4,1.4,93708,1,1,24717.78602808103,13
3,4,2.4,97819,1,0,26514.403786845945,12
3,1,3.7,144352,2,1,20605.18393999694,22
3,0,2.5,36303,2,1,25037.059858589662,23
3,2,4.3,27453,2,0,28381.128439633416,25
0,4,2.6,108886,1,1,21241.078267630648,20
2,1,4.1,60695,1,0,26768.00097962714,17
2,0,3.8,199521,1,0,22239.70580929438,11
4,2,4.4,156837,0,1,26215.61855609533,17
2,2,4.2,133412,0,0,26140.85335780489,9
2,4,4.1,38057,2,0,36651.26835059423,10
0,2,3.6,131669,1,1,28704.298613010797,6
3,1,2.3,189060,2,1,20766.06386060848,14
3,2,1.4,94655,1,1,18470.670115954184,26
0,3,3.4,15025,2,1,23681.37856994183,26
2,1,4.4,7145,0,0,33522.95431468951,12
0,0,3.5,101206,1,1,21203.640003891152,26
4,0,4.3,186869,0,1,19049.108361568786,21
3,4,3.8,41723,1,0,28378.56647333485,14
1,4,1.6,73230,2,0,16582.93551064051,26
4,3,1.9,135902,1,0,20423.192572180425,22
4,0,2.2,155002,0,0,20445.74969343067,18
0,0,1.6,154824,1,1,20872.465882247303,10
2,0,3.0,108138,2,1,28838.61891246819,11
3,0,4.4,62040,1,0,26722.489506334237,19
1,2,3.7,108668,0,0,25065.775596685184,10
4,1,2.5,198768,2,0,22455.217982320704,12
1,1,1.0,195720,0,0,14506.461903619813,26
2,3,2.1,55030,1,1,27064.579343038036,15
2,2,2.8,56815,0,0,19984.57609712983,22
1,0,2.1,112789,1,1,20013.43919955849,21
3,0,1.4,166762,2,0,12912.744000494074,26
2,4,2.5,57923,0,1,21860.274325287784,26
1,4,1.9,167644,0,1,17223.26144626241,17
4,3,4.2,185102,1,1,21977.94549981292,17
1,0,1.4,67904,0,1,16564.634033954575,24
1,3,1.2,160275,0,0,21829.79156488277,10
0,2,1.0,77088,2,1,23379.808161454923,8
2,1,2.1,5608,1,0,28794.44897144587,16
3,0,3.3,45667,1,1,30315.555621993903,9
3,2,3.6,55547,2,1,17639.82091740691,25
0,0,2.6,153557,2,0,22109.666286198262,18
3,4,3.4,140934,1,0,27741.3800384248,10
1,3,2.3,128391,2,1,26386.3340955414,13
0,4,3.3,75948,2,1,19122.362985660187,23
4,1,1.1,71880,2,0,24296.900920327236,10
2,4,2.4,57560,1,1,29185.18592112373,10
2,0,3.8,115063,2,0,27490.26178607263,15
2,4,3.8,94218,0,0,28463.332124521134,7
1,0,3.5,114462,0,0,29639.81991545443,9
4,1,1.7,159487,1,1,14282.096182781224,24
0,4,1.9,195595,2,1,14310.09267302652,16
0,3,4.5,150395,0,0,27478.88802589669,9
2,3,1.4,184286,1,0,15114.454273227717,23
4,3,1.6,17997,0,0,25673.5538552674,10
4,4,1.5,121266,2,0,25710.80367921752,9
4,4,2.1,188075,1,1,16363.006004803525,22
3,4,1.7,3679,0,0,28208.33184570986,13
3,0,2.7,40308,1,1,23614.2049800315,17
2,1,2.7,170914,0,0,19744.4023531317,12
4,3,4.2,196480,0,1,16779.03670973529,26
4,0,1.1,185010,2,1,17199.61995623003,11
0,3,2.1,5695,2,1,27247.73278901873,16
0,0,3.1,58499,0,1,33587.414314696594,7
2,4,3.1,23382,1,1,25984.857565168146,21
4,3,2.7,14235,1,0,33587.36012453767,5
2,4,3.9,193295,2,0,24035.944448670376,11
0,3,1.2,133438,0,1,17254.90386193008,25
0,2,3.9,158539,2,0,21459.78977497134,26
3,0,2.7,190388,0,0,19724.467424347014,18
2,2,1.5,112468,0,0,27149.783034796783,5
2,0,4.1,6764,2,0,32820.925229711924,15
4,1,3.3,113831,1,0,30764.35380450617,10
4,3,1.6,61836,2,0,27060.70552017444,12
3,1,1.1,31923,0,0,31648.72781951309,8
1,1,1.5,95711,2,1,26876.28029602585,5
1,0,3.1,16292,1,0,26214.261960597112,17
1,2,1.6,124913,1,0,20116.23103206856,15
2,4,1.8,132686,0,0,21340.10613849594,13
2,0,1.1,20939,2,1,27362.10585547259,18
0,4,3.5,18800,1,1,32532.827489072028,14
2,1,3.8,56440,2,0,23503.08695136477,24
2,4,3.8,154318,1,1,30500.922353865397,6
2,2,1.4,127521,0,1,21664.78777781604,13
3,0,4.2,183877,0,0,31475.253384153933,6
2,2,3.4,121327,2,1,23566.24751062191,17
4,2,4.1,49648,0,0,29139.821485842825,11
4,0,2.6,115192,1,1,21066.897866998635,20
0,2,2.5,187923,0,0,15437.541335845408,23
3,3,3.7,162760,1,1,25075.546704103363,7
4,3,1.3,93498,1,0,23096.923514556613,16
3,3,2.8,29764,0,0,33461.2376606341,11
3,4,3.9,32470,1,1,32431.531352554262,7
0,2,3.9,169573,1,0,21766.770785844343,23
3,0,4.3,57207,2,0,34026.38834535573,5
2,0,3.4,62157,2,1,33142.712886753456,5
3,4,1.7,134288,2,0,23426.05555120308,10
0,0,1.1,153144,0,0,19493.37826986215,14
0,3,2.7,93778,2,1,25657.26534399011,16
0,2,2.8,130016,1,0,17050.834719104532,24
4,0,1.8,124288,0,1,22972.200218212456,18
2,0,1.4,168204,0,0,16896.885513433524,21
4,1,3.1,110573,0,1,31842.51555267945,5
1,1,3.7,120730,0,1,28803.36809414977,6
2,1,4.5,148933,1,0,23323.802277925504,16
3,2,3.7,64186,1,1,33056.12686374881,11
0,3,3.8,4960,2,0,33036.5015082724,8
1,3,3.2,18781,0,0,26759.560482450885,22
2,3,4.5,31126,2,1,34981.69166337588,13
4,2,3.2,153650,1,0,25463.89606179028,10
0,2,4.0,106034,0,0,25038.454126059263,24
4,1,4.3,17883,1,1,27662.73339241233,23
2,0,4.3,29782,2,0,31056.06400243794,11
2,4,2.3,56387,1,0,29028.99508221764,11
1,4,1.3,148051,0,1,24594.04206742891,6
3,0,1.6,33746,0,0,27388.65248761482,23
4,1,1.2,66266,2,0,25196.48226777396,8
1,0,1.4,56,0,1,29293.5057893413,10
0,0,1.6,31457,1,0,25165.41875963256,14
3,4,2.2,133315,1,0,26949.280836856407,5
1,1,2.9,186103,1,1,15129.245135187266,26
4,2,3.5,132773,1,0,23116.750355878983,15
2,4,1.7,187453,2,0,15463.825219393775,23
0,2,3.4,181510,1,1,21296.212255821072,16
4,1,3.5,73839,2,1,26999.01593576784,22
3,0,3.0,80636,1,0,20171.0857534227,25
3,3,4.2,107697,2,0,33737.89614263645,10
2,3,1.4,66483,1,1,22527.59801275029,19
2,1,1.6,20505,1,0,26217.4168791702,21
0,3,2.5,137625,2,0,27349.656931245736,6
0,2,1.4,33525,0,0,22562.441200288053,18
2,3,3.0,96008,0,1,25672.558159681736,14
2,1,2.4,44348,0,0,23809.063578324625,16
3,1,2.0,7273,2,0,29913.282767612985,11
2,2,1.6,64236,0,1,26832.38575226366,11
1,3,2.2,134607,0,1,17261.095591370893,25
4,3,3.1,149749,2,1,24872.86445027373,17
2,0,3.0,107157,0,0,24843.882337874187,15
0,4,1.6,908,0,0,21866.61281431557,19
1,1,1.4,108352,0,1,28470.530021919563,16
0,0,1.1,95967,2,0,19520.432917033355,17
1,1,1.0,88989,2,0,24488.04021758249,14
2,0,4.1,35079,0,0,30437.55665791036,10
4,4,1.2,111889,0,0,19295.97434693671,20
0,0,3.6,49323,2,1,23144.758383857265,24
1,1,4.1,176392,0,1,22235.130083510947,7
3,3,1.3,89909,2,0,22538.930009914908,14
2,1,2.5,46105,0,1,30594.619283539007,8
4,2,4.4,161236,2,0,22300.428152687666,20
2,2,3.9,132957,1,0,24638.376696567437,18
3,2,2.7,188891,1,1,23416.4338265483,8
4,2,3.7,1049,2,1,32485.849632273097,14
3,4,3.9,53281,1,0,34976.17400330859,5
2,3,2.2,43271,0,0,24666.09382245913,19
1,3,4.1,66697,2,0,34023.598335595845,5
2,1,2.6,197423,2,0,21041.542979408783,9
2,0,2.8,36534,0,1,24462.19120800823,25
2,1,4.5,93034,0,1,31282.30530540028,9
0,1,4.0,58097,2,0,31867.498548904205,9
3,1,2.3,184885,0,0,20380.33862100852,16
3,1,1.0,25037,2,1,20172.066054003128,26
3,3,3.2,167079,0,0,22149.60935755684,13
0,0,3.5,27278,2,1,34637.41728587654,11
1,1,3.3,139344,0,0,21254.35203017524,16
2,3,4.4,188255,0,1,16324.30091217851,26
1,1,4.0,99173,1,0,26378.05793568692,20
0,2,2.6,38294,1,0,33287.57119482889,11
3,1,1.2,73277,1,0,23081.34561554113,13
2,1,2.7,193581,0,1,22546.59274546629,12
4,4,3.4,4694,2,1,29680.57288346329,13
4,2,3.1,58150,0,0,30434.52936782139,6
1,0,2.9,67470,1,0,28690.896383441363,16
3,1,2.6,21556,0,0,31353.726061514277,11
4,0,2.0,195543,1,0,24549.309510281557,8
1,2,2.0,180927,1,1,24126.267508872705,10
0,1,2.8,49086,2,1,20466.60061376525,21
1,4,1.6,149979,2,1,17309.141319888822,16
1,3,2.2,179559,1,0,22971.00160315562,10
1,4,2.1,160230,1,0,15794.32003811888,18
2,4,3.1,151365,0,1,24023.13991479184,9
1,3,1.2,176833,1,0,23412.28480882082,10
1,3,3.9,99468,0,1,26243.46824677823,15
2,3,3.0,33387,1,1,35251.24715724207,5
2,1,3.3,171822,2,1,27452.563459695324,5
0,0,3.5,68602,2,1,23210.02749141077,22
3,0,2.0,152328,1,0,17055.181454598933,16
4,3,2.6,136666,0,1,19333.304213128755,23
4,4,4.3,2460,0,0,31886.211078137727,23
1,2,3.7,72356,0,1,22479.14504046849,24
0,3,4.4,54698,1,1,33202.29670845772,10
1,4,3.6,101746,1,1,21073.122393296017,20
4,4,1.6,16191,2,1,21546.099617499905,23
2,1,1.2,84631,2,0,23850.21331892312,14
3,1,3.0,10529,1,0,31460.981640799622,15
0,0,2.3,32175,2,0,23103.147499916373,26
2,0,2.0,17675,0,0,28053.147378505528,6
3,2,3.8,174230,0,1,25974.630321730518,8
0,2,2.3,46798,1,0,29325.53777941075,6
0,2,2.1,70910,0,0,28536.443448365917,7
4,2,4.0,130400,1,1,28757.617129025308,9
2,4,4.0,157048,0,0,26280.303782390474,16
0,4,2.2,194188,1,0,23781.07407338705,7
0,0,3.9,78678,0,0,26701.763945774168,24
3,1,4.0,62821,0,0,30459.92937114564,10
4,1,2.5,12204,2,1,26055.64688415636,15
1,3,1.2,186737,2,1,19473.63528164093,17
4,4,1.0,7394,2,0,24997.210475801265,19
1,2,2.8,64814,2,1,26872.756465282208,12
2,2,2.2,33593,2,0,24595.995757020573,22
2,3,4.5,173036,2,0,22518.719134398863,23
0,1,3.7,115064,1,0,30885.181626015183,6
2,2,3.7,53365,1,1,31773.677143946923,7
0,1,4.3,131515,2,1,29141.724390288648,8
4,3,4.1,159252,1,1,29818.642995699603,6
2,1,2.1,179863,2,1,16104.625910711376,23
4,1,1.6,174737,1,1,22887.67011557083,12
4,1,3.6,103700,0,1,28463.17957519594,10
2,2,2.3,97077,1,0,22318.62880324897,15
4,0,2.7,134537,1,1,23827.258659140065,24
2,4,3.2,68247,1,0,26836.626398975477,17
2,1,4.2,182631,0,0,26936.975515779075,12
2,1,2.5,156270,2,1,21730.19674405176,17
1,1,3.7,54740,1,0,32536.148877121777,9
4,0,1.9,153560,1,0,14666.512538513663,26
3,3,3.4,169587,0,0,12713.01859328416,24
2,2,1.0,27898,2,1,27478.65751840436,6
4,0,4.1,132991,1,1,26708.68842683459,15
2,0,3.5,62613,2,1,24012.58678542056,24
2,0,1.2,96707,2,0,18887.111021728648,24
3,0,1.9,111777,1,1,20877.707234206868,22
1,3,2.7,47003,1,0,32246.16049492941,8
1,4,2.5,48478,1,0,23492.883903234226,26
2,2,1.7,145506,1,1,19835.92276648376,23
4,3,2.2,177318,0,1,18226.33587081837,23
0,3,3.5,167721,0,1,26007.61279780386,10
0,4,3.3,59030,1,1,28879.26029045449,13
4,3,1.3,184133,2,1,21122.62574910538,9
2,0,3.6,133071,1,0,18995.45369665056,26
0,0,1.2,145921,2,0,26839.11146449125,5
1,1,2.9,52800,2,0,30804.200416601976,11
4,3,1.9,5445,2,1,22765.597091106545,24
3,1,3.1,149112,0,1,30392.575567224198,6
2,2,1.9,195387,2,0,16446.89229193078,18
4,0,4.4,246,2,0,27396.156707853446,23
0,2,2.1,31153,0,0,31620.864906698407,6
